--
-- PostgreSQL database dump
--

-- Dumped from database version 14.11 (Ubuntu 14.11-0ubuntu0.22.04.1)
-- Dumped by pg_dump version 14.11 (Ubuntu 14.11-0ubuntu0.22.04.1)

SET statement_timeout = 0;
SET lock_timeout = 0;
SET idle_in_transaction_session_timeout = 0;
SET client_encoding = 'UTF8';
SET standard_conforming_strings = on;
SELECT pg_catalog.set_config('search_path', '', false);
SET check_function_bodies = false;
SET xmloption = content;
SET client_min_messages = warning;
SET row_security = off;

SET default_tablespace = '';

SET default_table_access_method = heap;

--
-- Name: account_emailaddress; Type: TABLE; Schema: public; Owner: hosotanimiki
--

CREATE TABLE public.account_emailaddress (
    id integer NOT NULL,
    email character varying(254) NOT NULL,
    verified boolean NOT NULL,
    "primary" boolean NOT NULL,
    user_id bigint NOT NULL
);


ALTER TABLE public.account_emailaddress OWNER TO hosotanimiki;

--
-- Name: account_emailaddress_id_seq; Type: SEQUENCE; Schema: public; Owner: hosotanimiki
--

ALTER TABLE public.account_emailaddress ALTER COLUMN id ADD GENERATED BY DEFAULT AS IDENTITY (
    SEQUENCE NAME public.account_emailaddress_id_seq
    START WITH 1
    INCREMENT BY 1
    NO MINVALUE
    NO MAXVALUE
    CACHE 1
);


--
-- Name: account_emailconfirmation; Type: TABLE; Schema: public; Owner: hosotanimiki
--

CREATE TABLE public.account_emailconfirmation (
    id integer NOT NULL,
    created timestamp with time zone NOT NULL,
    sent timestamp with time zone,
    key character varying(64) NOT NULL,
    email_address_id integer NOT NULL
);


ALTER TABLE public.account_emailconfirmation OWNER TO hosotanimiki;

--
-- Name: account_emailconfirmation_id_seq; Type: SEQUENCE; Schema: public; Owner: hosotanimiki
--

ALTER TABLE public.account_emailconfirmation ALTER COLUMN id ADD GENERATED BY DEFAULT AS IDENTITY (
    SEQUENCE NAME public.account_emailconfirmation_id_seq
    START WITH 1
    INCREMENT BY 1
    NO MINVALUE
    NO MAXVALUE
    CACHE 1
);


--
-- Name: auth_group; Type: TABLE; Schema: public; Owner: hosotanimiki
--

CREATE TABLE public.auth_group (
    id integer NOT NULL,
    name character varying(150) NOT NULL
);


ALTER TABLE public.auth_group OWNER TO hosotanimiki;

--
-- Name: auth_group_id_seq; Type: SEQUENCE; Schema: public; Owner: hosotanimiki
--

ALTER TABLE public.auth_group ALTER COLUMN id ADD GENERATED BY DEFAULT AS IDENTITY (
    SEQUENCE NAME public.auth_group_id_seq
    START WITH 1
    INCREMENT BY 1
    NO MINVALUE
    NO MAXVALUE
    CACHE 1
);


--
-- Name: auth_group_permissions; Type: TABLE; Schema: public; Owner: hosotanimiki
--

CREATE TABLE public.auth_group_permissions (
    id bigint NOT NULL,
    group_id integer NOT NULL,
    permission_id integer NOT NULL
);


ALTER TABLE public.auth_group_permissions OWNER TO hosotanimiki;

--
-- Name: auth_group_permissions_id_seq; Type: SEQUENCE; Schema: public; Owner: hosotanimiki
--

ALTER TABLE public.auth_group_permissions ALTER COLUMN id ADD GENERATED BY DEFAULT AS IDENTITY (
    SEQUENCE NAME public.auth_group_permissions_id_seq
    START WITH 1
    INCREMENT BY 1
    NO MINVALUE
    NO MAXVALUE
    CACHE 1
);


--
-- Name: auth_permission; Type: TABLE; Schema: public; Owner: hosotanimiki
--

CREATE TABLE public.auth_permission (
    id integer NOT NULL,
    name character varying(255) NOT NULL,
    content_type_id integer NOT NULL,
    codename character varying(100) NOT NULL
);


ALTER TABLE public.auth_permission OWNER TO hosotanimiki;

--
-- Name: auth_permission_id_seq; Type: SEQUENCE; Schema: public; Owner: hosotanimiki
--

ALTER TABLE public.auth_permission ALTER COLUMN id ADD GENERATED BY DEFAULT AS IDENTITY (
    SEQUENCE NAME public.auth_permission_id_seq
    START WITH 1
    INCREMENT BY 1
    NO MINVALUE
    NO MAXVALUE
    CACHE 1
);


--
-- Name: django_admin_log; Type: TABLE; Schema: public; Owner: hosotanimiki
--

CREATE TABLE public.django_admin_log (
    id integer NOT NULL,
    action_time timestamp with time zone NOT NULL,
    object_id text,
    object_repr character varying(200) NOT NULL,
    action_flag smallint NOT NULL,
    change_message text NOT NULL,
    content_type_id integer,
    user_id bigint NOT NULL,
    CONSTRAINT django_admin_log_action_flag_check CHECK ((action_flag >= 0))
);


ALTER TABLE public.django_admin_log OWNER TO hosotanimiki;

--
-- Name: django_admin_log_id_seq; Type: SEQUENCE; Schema: public; Owner: hosotanimiki
--

ALTER TABLE public.django_admin_log ALTER COLUMN id ADD GENERATED BY DEFAULT AS IDENTITY (
    SEQUENCE NAME public.django_admin_log_id_seq
    START WITH 1
    INCREMENT BY 1
    NO MINVALUE
    NO MAXVALUE
    CACHE 1
);


--
-- Name: django_content_type; Type: TABLE; Schema: public; Owner: hosotanimiki
--

CREATE TABLE public.django_content_type (
    id integer NOT NULL,
    app_label character varying(100) NOT NULL,
    model character varying(100) NOT NULL
);


ALTER TABLE public.django_content_type OWNER TO hosotanimiki;

--
-- Name: django_content_type_id_seq; Type: SEQUENCE; Schema: public; Owner: hosotanimiki
--

ALTER TABLE public.django_content_type ALTER COLUMN id ADD GENERATED BY DEFAULT AS IDENTITY (
    SEQUENCE NAME public.django_content_type_id_seq
    START WITH 1
    INCREMENT BY 1
    NO MINVALUE
    NO MAXVALUE
    CACHE 1
);


--
-- Name: django_migrations; Type: TABLE; Schema: public; Owner: hosotanimiki
--

CREATE TABLE public.django_migrations (
    id bigint NOT NULL,
    app character varying(255) NOT NULL,
    name character varying(255) NOT NULL,
    applied timestamp with time zone NOT NULL
);


ALTER TABLE public.django_migrations OWNER TO hosotanimiki;

--
-- Name: django_migrations_id_seq; Type: SEQUENCE; Schema: public; Owner: hosotanimiki
--

ALTER TABLE public.django_migrations ALTER COLUMN id ADD GENERATED BY DEFAULT AS IDENTITY (
    SEQUENCE NAME public.django_migrations_id_seq
    START WITH 1
    INCREMENT BY 1
    NO MINVALUE
    NO MAXVALUE
    CACHE 1
);


--
-- Name: django_session; Type: TABLE; Schema: public; Owner: hosotanimiki
--

CREATE TABLE public.django_session (
    session_key character varying(40) NOT NULL,
    session_data text NOT NULL,
    expire_date timestamp with time zone NOT NULL
);


ALTER TABLE public.django_session OWNER TO hosotanimiki;

--
-- Name: django_site; Type: TABLE; Schema: public; Owner: hosotanimiki
--

CREATE TABLE public.django_site (
    id integer NOT NULL,
    domain character varying(100) NOT NULL,
    name character varying(50) NOT NULL
);


ALTER TABLE public.django_site OWNER TO hosotanimiki;

--
-- Name: django_site_id_seq; Type: SEQUENCE; Schema: public; Owner: hosotanimiki
--

ALTER TABLE public.django_site ALTER COLUMN id ADD GENERATED BY DEFAULT AS IDENTITY (
    SEQUENCE NAME public.django_site_id_seq
    START WITH 1
    INCREMENT BY 1
    NO MINVALUE
    NO MAXVALUE
    CACHE 1
);


--
-- Name: myapp_customuser; Type: TABLE; Schema: public; Owner: hosotanimiki
--

CREATE TABLE public.myapp_customuser (
    id bigint NOT NULL,
    password character varying(128) NOT NULL,
    last_login timestamp with time zone,
    is_superuser boolean NOT NULL,
    username character varying(150) NOT NULL,
    first_name character varying(150) NOT NULL,
    last_name character varying(150) NOT NULL,
    email character varying(254) NOT NULL,
    is_staff boolean NOT NULL,
    is_active boolean NOT NULL,
    date_joined timestamp with time zone NOT NULL,
    thumbnail character varying(100)
);


ALTER TABLE public.myapp_customuser OWNER TO hosotanimiki;

--
-- Name: myapp_customuser_groups; Type: TABLE; Schema: public; Owner: hosotanimiki
--

CREATE TABLE public.myapp_customuser_groups (
    id bigint NOT NULL,
    customuser_id bigint NOT NULL,
    group_id integer NOT NULL
);


ALTER TABLE public.myapp_customuser_groups OWNER TO hosotanimiki;

--
-- Name: myapp_customuser_groups_id_seq; Type: SEQUENCE; Schema: public; Owner: hosotanimiki
--

ALTER TABLE public.myapp_customuser_groups ALTER COLUMN id ADD GENERATED BY DEFAULT AS IDENTITY (
    SEQUENCE NAME public.myapp_customuser_groups_id_seq
    START WITH 1
    INCREMENT BY 1
    NO MINVALUE
    NO MAXVALUE
    CACHE 1
);


--
-- Name: myapp_customuser_id_seq; Type: SEQUENCE; Schema: public; Owner: hosotanimiki
--

ALTER TABLE public.myapp_customuser ALTER COLUMN id ADD GENERATED BY DEFAULT AS IDENTITY (
    SEQUENCE NAME public.myapp_customuser_id_seq
    START WITH 1
    INCREMENT BY 1
    NO MINVALUE
    NO MAXVALUE
    CACHE 1
);


--
-- Name: myapp_customuser_user_permissions; Type: TABLE; Schema: public; Owner: hosotanimiki
--

CREATE TABLE public.myapp_customuser_user_permissions (
    id bigint NOT NULL,
    customuser_id bigint NOT NULL,
    permission_id integer NOT NULL
);


ALTER TABLE public.myapp_customuser_user_permissions OWNER TO hosotanimiki;

--
-- Name: myapp_customuser_user_permissions_id_seq; Type: SEQUENCE; Schema: public; Owner: hosotanimiki
--

ALTER TABLE public.myapp_customuser_user_permissions ALTER COLUMN id ADD GENERATED BY DEFAULT AS IDENTITY (
    SEQUENCE NAME public.myapp_customuser_user_permissions_id_seq
    START WITH 1
    INCREMENT BY 1
    NO MINVALUE
    NO MAXVALUE
    CACHE 1
);


--
-- Name: myapp_message; Type: TABLE; Schema: public; Owner: hosotanimiki
--

CREATE TABLE public.myapp_message (
    id bigint NOT NULL,
    to_name_id bigint,
    created_at timestamp with time zone NOT NULL,
    from_name_id bigint,
    message text
);


ALTER TABLE public.myapp_message OWNER TO hosotanimiki;

--
-- Name: myapp_message_id_seq; Type: SEQUENCE; Schema: public; Owner: hosotanimiki
--

ALTER TABLE public.myapp_message ALTER COLUMN id ADD GENERATED BY DEFAULT AS IDENTITY (
    SEQUENCE NAME public.myapp_message_id_seq
    START WITH 1
    INCREMENT BY 1
    NO MINVALUE
    NO MAXVALUE
    CACHE 1
);


--
-- Name: socialaccount_socialaccount; Type: TABLE; Schema: public; Owner: hosotanimiki
--

CREATE TABLE public.socialaccount_socialaccount (
    id integer NOT NULL,
    provider character varying(200) NOT NULL,
    uid character varying(191) NOT NULL,
    last_login timestamp with time zone NOT NULL,
    date_joined timestamp with time zone NOT NULL,
    extra_data jsonb NOT NULL,
    user_id bigint NOT NULL
);


ALTER TABLE public.socialaccount_socialaccount OWNER TO hosotanimiki;

--
-- Name: socialaccount_socialaccount_id_seq; Type: SEQUENCE; Schema: public; Owner: hosotanimiki
--

ALTER TABLE public.socialaccount_socialaccount ALTER COLUMN id ADD GENERATED BY DEFAULT AS IDENTITY (
    SEQUENCE NAME public.socialaccount_socialaccount_id_seq
    START WITH 1
    INCREMENT BY 1
    NO MINVALUE
    NO MAXVALUE
    CACHE 1
);


--
-- Name: socialaccount_socialapp; Type: TABLE; Schema: public; Owner: hosotanimiki
--

CREATE TABLE public.socialaccount_socialapp (
    id integer NOT NULL,
    provider character varying(30) NOT NULL,
    name character varying(40) NOT NULL,
    client_id character varying(191) NOT NULL,
    secret character varying(191) NOT NULL,
    key character varying(191) NOT NULL,
    provider_id character varying(200) NOT NULL,
    settings jsonb NOT NULL
);


ALTER TABLE public.socialaccount_socialapp OWNER TO hosotanimiki;

--
-- Name: socialaccount_socialapp_id_seq; Type: SEQUENCE; Schema: public; Owner: hosotanimiki
--

ALTER TABLE public.socialaccount_socialapp ALTER COLUMN id ADD GENERATED BY DEFAULT AS IDENTITY (
    SEQUENCE NAME public.socialaccount_socialapp_id_seq
    START WITH 1
    INCREMENT BY 1
    NO MINVALUE
    NO MAXVALUE
    CACHE 1
);


--
-- Name: socialaccount_socialapp_sites; Type: TABLE; Schema: public; Owner: hosotanimiki
--

CREATE TABLE public.socialaccount_socialapp_sites (
    id bigint NOT NULL,
    socialapp_id integer NOT NULL,
    site_id integer NOT NULL
);


ALTER TABLE public.socialaccount_socialapp_sites OWNER TO hosotanimiki;

--
-- Name: socialaccount_socialapp_sites_id_seq; Type: SEQUENCE; Schema: public; Owner: hosotanimiki
--

ALTER TABLE public.socialaccount_socialapp_sites ALTER COLUMN id ADD GENERATED BY DEFAULT AS IDENTITY (
    SEQUENCE NAME public.socialaccount_socialapp_sites_id_seq
    START WITH 1
    INCREMENT BY 1
    NO MINVALUE
    NO MAXVALUE
    CACHE 1
);


--
-- Name: socialaccount_socialtoken; Type: TABLE; Schema: public; Owner: hosotanimiki
--

CREATE TABLE public.socialaccount_socialtoken (
    id integer NOT NULL,
    token text NOT NULL,
    token_secret text NOT NULL,
    expires_at timestamp with time zone,
    account_id integer NOT NULL,
    app_id integer
);


ALTER TABLE public.socialaccount_socialtoken OWNER TO hosotanimiki;

--
-- Name: socialaccount_socialtoken_id_seq; Type: SEQUENCE; Schema: public; Owner: hosotanimiki
--

ALTER TABLE public.socialaccount_socialtoken ALTER COLUMN id ADD GENERATED BY DEFAULT AS IDENTITY (
    SEQUENCE NAME public.socialaccount_socialtoken_id_seq
    START WITH 1
    INCREMENT BY 1
    NO MINVALUE
    NO MAXVALUE
    CACHE 1
);


--
-- Data for Name: account_emailaddress; Type: TABLE DATA; Schema: public; Owner: hosotanimiki
--

COPY public.account_emailaddress (id, email, verified, "primary", user_id) FROM stdin;
\.


--
-- Data for Name: account_emailconfirmation; Type: TABLE DATA; Schema: public; Owner: hosotanimiki
--

COPY public.account_emailconfirmation (id, created, sent, key, email_address_id) FROM stdin;
\.


--
-- Data for Name: auth_group; Type: TABLE DATA; Schema: public; Owner: hosotanimiki
--

COPY public.auth_group (id, name) FROM stdin;
\.


--
-- Data for Name: auth_group_permissions; Type: TABLE DATA; Schema: public; Owner: hosotanimiki
--

COPY public.auth_group_permissions (id, group_id, permission_id) FROM stdin;
\.


--
-- Data for Name: auth_permission; Type: TABLE DATA; Schema: public; Owner: hosotanimiki
--

COPY public.auth_permission (id, name, content_type_id, codename) FROM stdin;
1	Can add log entry	1	add_logentry
2	Can change log entry	1	change_logentry
3	Can delete log entry	1	delete_logentry
4	Can view log entry	1	view_logentry
5	Can add permission	2	add_permission
6	Can change permission	2	change_permission
7	Can delete permission	2	delete_permission
8	Can view permission	2	view_permission
9	Can add group	3	add_group
10	Can change group	3	change_group
11	Can delete group	3	delete_group
12	Can view group	3	view_group
13	Can add content type	4	add_contenttype
14	Can change content type	4	change_contenttype
15	Can delete content type	4	delete_contenttype
16	Can view content type	4	view_contenttype
17	Can add session	5	add_session
18	Can change session	5	change_session
19	Can delete session	5	delete_session
20	Can view session	5	view_session
21	Can add user	6	add_customuser
22	Can change user	6	change_customuser
23	Can delete user	6	delete_customuser
24	Can view user	6	view_customuser
25	Can add message	7	add_message
26	Can change message	7	change_message
27	Can delete message	7	delete_message
28	Can view message	7	view_message
29	Can add site	8	add_site
30	Can change site	8	change_site
31	Can delete site	8	delete_site
32	Can view site	8	view_site
33	Can add email address	9	add_emailaddress
34	Can change email address	9	change_emailaddress
35	Can delete email address	9	delete_emailaddress
36	Can view email address	9	view_emailaddress
37	Can add email confirmation	10	add_emailconfirmation
38	Can change email confirmation	10	change_emailconfirmation
39	Can delete email confirmation	10	delete_emailconfirmation
40	Can view email confirmation	10	view_emailconfirmation
41	Can add social account	11	add_socialaccount
42	Can change social account	11	change_socialaccount
43	Can delete social account	11	delete_socialaccount
44	Can view social account	11	view_socialaccount
45	Can add social application	12	add_socialapp
46	Can change social application	12	change_socialapp
47	Can delete social application	12	delete_socialapp
48	Can view social application	12	view_socialapp
49	Can add social application token	13	add_socialtoken
50	Can change social application token	13	change_socialtoken
51	Can delete social application token	13	delete_socialtoken
52	Can view social application token	13	view_socialtoken
\.


--
-- Data for Name: django_admin_log; Type: TABLE DATA; Schema: public; Owner: hosotanimiki
--

COPY public.django_admin_log (id, action_time, object_id, object_repr, action_flag, change_message, content_type_id, user_id) FROM stdin;
\.


--
-- Data for Name: django_content_type; Type: TABLE DATA; Schema: public; Owner: hosotanimiki
--

COPY public.django_content_type (id, app_label, model) FROM stdin;
1	admin	logentry
2	auth	permission
3	auth	group
4	contenttypes	contenttype
5	sessions	session
6	myapp	customuser
7	myapp	message
8	sites	site
9	account	emailaddress
10	account	emailconfirmation
11	socialaccount	socialaccount
12	socialaccount	socialapp
13	socialaccount	socialtoken
\.


--
-- Data for Name: django_migrations; Type: TABLE DATA; Schema: public; Owner: hosotanimiki
--

COPY public.django_migrations (id, app, name, applied) FROM stdin;
1	contenttypes	0001_initial	2024-04-09 05:07:14.476266-09
2	contenttypes	0002_remove_content_type_name	2024-04-09 05:07:14.484236-09
3	auth	0001_initial	2024-04-09 05:07:14.553995-09
4	auth	0002_alter_permission_name_max_length	2024-04-09 05:07:14.559133-09
5	auth	0003_alter_user_email_max_length	2024-04-09 05:07:14.564368-09
6	auth	0004_alter_user_username_opts	2024-04-09 05:07:14.569987-09
7	auth	0005_alter_user_last_login_null	2024-04-09 05:07:14.575857-09
8	auth	0006_require_contenttypes_0002	2024-04-09 05:07:14.5787-09
9	auth	0007_alter_validators_add_error_messages	2024-04-09 05:07:14.585944-09
10	auth	0008_alter_user_username_max_length	2024-04-09 05:07:14.591416-09
11	auth	0009_alter_user_last_name_max_length	2024-04-09 05:07:14.598924-09
12	auth	0010_alter_group_name_max_length	2024-04-09 05:07:14.606886-09
13	auth	0011_update_proxy_permissions	2024-04-09 05:07:14.612554-09
14	auth	0012_alter_user_first_name_max_length	2024-04-09 05:07:14.618594-09
15	myapp	0001_initial	2024-04-09 05:07:14.681906-09
16	account	0001_initial	2024-04-09 05:07:14.734871-09
17	account	0002_email_max_length	2024-04-09 05:07:14.742505-09
18	account	0003_alter_emailaddress_create_unique_verified_email	2024-04-09 05:07:14.765413-09
19	account	0004_alter_emailaddress_drop_unique_email	2024-04-09 05:07:14.787341-09
20	account	0005_emailaddress_idx_upper_email	2024-04-09 05:07:14.800363-09
21	admin	0001_initial	2024-04-09 05:07:14.830454-09
22	admin	0002_logentry_remove_auto_add	2024-04-09 05:07:14.838156-09
23	admin	0003_logentry_add_action_flag_choices	2024-04-09 05:07:14.846111-09
24	myapp	0002_customuser_thumbnail	2024-04-09 05:07:14.854986-09
25	myapp	0003_friends	2024-04-09 05:07:14.883851-09
26	myapp	0004_delete_friends	2024-04-09 05:07:14.887678-09
27	myapp	0005_message	2024-04-09 05:07:14.90764-09
28	myapp	0006_message_created_at_message_from_name_message_message_and_more	2024-04-09 05:07:14.952803-09
29	myapp	0007_alter_message_options_remove_customuser_mail_and_more	2024-04-09 05:07:14.985568-09
30	sessions	0001_initial	2024-04-09 16:49:42.552094-09
31	sites	0001_initial	2024-04-09 16:49:42.569677-09
32	sites	0002_alter_domain_unique	2024-04-09 16:49:42.586034-09
33	socialaccount	0001_initial	2024-04-09 16:49:42.741549-09
34	socialaccount	0002_token_max_lengths	2024-04-09 16:49:42.772566-09
35	socialaccount	0003_extra_data_default_dict	2024-04-09 16:49:42.788703-09
36	socialaccount	0004_app_provider_id_settings	2024-04-09 16:49:42.818866-09
37	socialaccount	0005_socialtoken_nullable_app	2024-04-09 16:49:42.86193-09
38	socialaccount	0006_alter_socialaccount_extra_data	2024-04-09 16:49:42.897042-09
39	myapp	0002_alter_message_message	2024-04-09 21:27:02.809594-09
\.


--
-- Data for Name: django_session; Type: TABLE DATA; Schema: public; Owner: hosotanimiki
--

COPY public.django_session (session_key, session_data, expire_date) FROM stdin;
\.


--
-- Data for Name: django_site; Type: TABLE DATA; Schema: public; Owner: hosotanimiki
--

COPY public.django_site (id, domain, name) FROM stdin;
1	example.com	example.com
\.


--
-- Data for Name: myapp_customuser; Type: TABLE DATA; Schema: public; Owner: hosotanimiki
--

COPY public.myapp_customuser (id, password, last_login, is_superuser, username, first_name, last_name, email, is_staff, is_active, date_joined, thumbnail) FROM stdin;
\.


--
-- Data for Name: myapp_customuser_groups; Type: TABLE DATA; Schema: public; Owner: hosotanimiki
--

COPY public.myapp_customuser_groups (id, customuser_id, group_id) FROM stdin;
\.


--
-- Data for Name: myapp_customuser_user_permissions; Type: TABLE DATA; Schema: public; Owner: hosotanimiki
--

COPY public.myapp_customuser_user_permissions (id, customuser_id, permission_id) FROM stdin;
\.


--
-- Data for Name: myapp_message; Type: TABLE DATA; Schema: public; Owner: hosotanimiki
--

COPY public.myapp_message (id, to_name_id, created_at, from_name_id, message) FROM stdin;
\.


--
-- Data for Name: socialaccount_socialaccount; Type: TABLE DATA; Schema: public; Owner: hosotanimiki
--

COPY public.socialaccount_socialaccount (id, provider, uid, last_login, date_joined, extra_data, user_id) FROM stdin;
\.


--
-- Data for Name: socialaccount_socialapp; Type: TABLE DATA; Schema: public; Owner: hosotanimiki
--

COPY public.socialaccount_socialapp (id, provider, name, client_id, secret, key, provider_id, settings) FROM stdin;
\.


--
-- Data for Name: socialaccount_socialapp_sites; Type: TABLE DATA; Schema: public; Owner: hosotanimiki
--

COPY public.socialaccount_socialapp_sites (id, socialapp_id, site_id) FROM stdin;
\.


--
-- Data for Name: socialaccount_socialtoken; Type: TABLE DATA; Schema: public; Owner: hosotanimiki
--

COPY public.socialaccount_socialtoken (id, token, token_secret, expires_at, account_id, app_id) FROM stdin;
\.


--
-- Name: account_emailaddress_id_seq; Type: SEQUENCE SET; Schema: public; Owner: hosotanimiki
--

SELECT pg_catalog.setval('public.account_emailaddress_id_seq', 1, false);


--
-- Name: account_emailconfirmation_id_seq; Type: SEQUENCE SET; Schema: public; Owner: hosotanimiki
--

SELECT pg_catalog.setval('public.account_emailconfirmation_id_seq', 1, false);


--
-- Name: auth_group_id_seq; Type: SEQUENCE SET; Schema: public; Owner: hosotanimiki
--

SELECT pg_catalog.setval('public.auth_group_id_seq', 1, false);


--
-- Name: auth_group_permissions_id_seq; Type: SEQUENCE SET; Schema: public; Owner: hosotanimiki
--

SELECT pg_catalog.setval('public.auth_group_permissions_id_seq', 1, false);


--
-- Name: auth_permission_id_seq; Type: SEQUENCE SET; Schema: public; Owner: hosotanimiki
--

SELECT pg_catalog.setval('public.auth_permission_id_seq', 52, true);


--
-- Name: django_admin_log_id_seq; Type: SEQUENCE SET; Schema: public; Owner: hosotanimiki
--

SELECT pg_catalog.setval('public.django_admin_log_id_seq', 1, false);


--
-- Name: django_content_type_id_seq; Type: SEQUENCE SET; Schema: public; Owner: hosotanimiki
--

SELECT pg_catalog.setval('public.django_content_type_id_seq', 13, true);


--
-- Name: django_migrations_id_seq; Type: SEQUENCE SET; Schema: public; Owner: hosotanimiki
--

SELECT pg_catalog.setval('public.django_migrations_id_seq', 39, true);


--
-- Name: django_site_id_seq; Type: SEQUENCE SET; Schema: public; Owner: hosotanimiki
--

SELECT pg_catalog.setval('public.django_site_id_seq', 1, true);


--
-- Name: myapp_customuser_groups_id_seq; Type: SEQUENCE SET; Schema: public; Owner: hosotanimiki
--

SELECT pg_catalog.setval('public.myapp_customuser_groups_id_seq', 1, false);


--
-- Name: myapp_customuser_id_seq; Type: SEQUENCE SET; Schema: public; Owner: hosotanimiki
--

SELECT pg_catalog.setval('public.myapp_customuser_id_seq', 1, false);


--
-- Name: myapp_customuser_user_permissions_id_seq; Type: SEQUENCE SET; Schema: public; Owner: hosotanimiki
--

SELECT pg_catalog.setval('public.myapp_customuser_user_permissions_id_seq', 1, false);


--
-- Name: myapp_message_id_seq; Type: SEQUENCE SET; Schema: public; Owner: hosotanimiki
--

SELECT pg_catalog.setval('public.myapp_message_id_seq', 1, false);


--
-- Name: socialaccount_socialaccount_id_seq; Type: SEQUENCE SET; Schema: public; Owner: hosotanimiki
--

SELECT pg_catalog.setval('public.socialaccount_socialaccount_id_seq', 1, false);


--
-- Name: socialaccount_socialapp_id_seq; Type: SEQUENCE SET; Schema: public; Owner: hosotanimiki
--

SELECT pg_catalog.setval('public.socialaccount_socialapp_id_seq', 1, false);


--
-- Name: socialaccount_socialapp_sites_id_seq; Type: SEQUENCE SET; Schema: public; Owner: hosotanimiki
--

SELECT pg_catalog.setval('public.socialaccount_socialapp_sites_id_seq', 1, false);


--
-- Name: socialaccount_socialtoken_id_seq; Type: SEQUENCE SET; Schema: public; Owner: hosotanimiki
--

SELECT pg_catalog.setval('public.socialaccount_socialtoken_id_seq', 1, false);


--
-- Name: account_emailaddress account_emailaddress_pkey; Type: CONSTRAINT; Schema: public; Owner: hosotanimiki
--

ALTER TABLE ONLY public.account_emailaddress
    ADD CONSTRAINT account_emailaddress_pkey PRIMARY KEY (id);


--
-- Name: account_emailaddress account_emailaddress_user_id_email_987c8728_uniq; Type: CONSTRAINT; Schema: public; Owner: hosotanimiki
--

ALTER TABLE ONLY public.account_emailaddress
    ADD CONSTRAINT account_emailaddress_user_id_email_987c8728_uniq UNIQUE (user_id, email);


--
-- Name: account_emailconfirmation account_emailconfirmation_key_key; Type: CONSTRAINT; Schema: public; Owner: hosotanimiki
--

ALTER TABLE ONLY public.account_emailconfirmation
    ADD CONSTRAINT account_emailconfirmation_key_key UNIQUE (key);


--
-- Name: account_emailconfirmation account_emailconfirmation_pkey; Type: CONSTRAINT; Schema: public; Owner: hosotanimiki
--

ALTER TABLE ONLY public.account_emailconfirmation
    ADD CONSTRAINT account_emailconfirmation_pkey PRIMARY KEY (id);


--
-- Name: auth_group auth_group_name_key; Type: CONSTRAINT; Schema: public; Owner: hosotanimiki
--

ALTER TABLE ONLY public.auth_group
    ADD CONSTRAINT auth_group_name_key UNIQUE (name);


--
-- Name: auth_group_permissions auth_group_permissions_group_id_permission_id_0cd325b0_uniq; Type: CONSTRAINT; Schema: public; Owner: hosotanimiki
--

ALTER TABLE ONLY public.auth_group_permissions
    ADD CONSTRAINT auth_group_permissions_group_id_permission_id_0cd325b0_uniq UNIQUE (group_id, permission_id);


--
-- Name: auth_group_permissions auth_group_permissions_pkey; Type: CONSTRAINT; Schema: public; Owner: hosotanimiki
--

ALTER TABLE ONLY public.auth_group_permissions
    ADD CONSTRAINT auth_group_permissions_pkey PRIMARY KEY (id);


--
-- Name: auth_group auth_group_pkey; Type: CONSTRAINT; Schema: public; Owner: hosotanimiki
--

ALTER TABLE ONLY public.auth_group
    ADD CONSTRAINT auth_group_pkey PRIMARY KEY (id);


--
-- Name: auth_permission auth_permission_content_type_id_codename_01ab375a_uniq; Type: CONSTRAINT; Schema: public; Owner: hosotanimiki
--

ALTER TABLE ONLY public.auth_permission
    ADD CONSTRAINT auth_permission_content_type_id_codename_01ab375a_uniq UNIQUE (content_type_id, codename);


--
-- Name: auth_permission auth_permission_pkey; Type: CONSTRAINT; Schema: public; Owner: hosotanimiki
--

ALTER TABLE ONLY public.auth_permission
    ADD CONSTRAINT auth_permission_pkey PRIMARY KEY (id);


--
-- Name: django_admin_log django_admin_log_pkey; Type: CONSTRAINT; Schema: public; Owner: hosotanimiki
--

ALTER TABLE ONLY public.django_admin_log
    ADD CONSTRAINT django_admin_log_pkey PRIMARY KEY (id);


--
-- Name: django_content_type django_content_type_app_label_model_76bd3d3b_uniq; Type: CONSTRAINT; Schema: public; Owner: hosotanimiki
--

ALTER TABLE ONLY public.django_content_type
    ADD CONSTRAINT django_content_type_app_label_model_76bd3d3b_uniq UNIQUE (app_label, model);


--
-- Name: django_content_type django_content_type_pkey; Type: CONSTRAINT; Schema: public; Owner: hosotanimiki
--

ALTER TABLE ONLY public.django_content_type
    ADD CONSTRAINT django_content_type_pkey PRIMARY KEY (id);


--
-- Name: django_migrations django_migrations_pkey; Type: CONSTRAINT; Schema: public; Owner: hosotanimiki
--

ALTER TABLE ONLY public.django_migrations
    ADD CONSTRAINT django_migrations_pkey PRIMARY KEY (id);


--
-- Name: django_session django_session_pkey; Type: CONSTRAINT; Schema: public; Owner: hosotanimiki
--

ALTER TABLE ONLY public.django_session
    ADD CONSTRAINT django_session_pkey PRIMARY KEY (session_key);


--
-- Name: django_site django_site_domain_a2e37b91_uniq; Type: CONSTRAINT; Schema: public; Owner: hosotanimiki
--

ALTER TABLE ONLY public.django_site
    ADD CONSTRAINT django_site_domain_a2e37b91_uniq UNIQUE (domain);


--
-- Name: django_site django_site_pkey; Type: CONSTRAINT; Schema: public; Owner: hosotanimiki
--

ALTER TABLE ONLY public.django_site
    ADD CONSTRAINT django_site_pkey PRIMARY KEY (id);


--
-- Name: myapp_customuser_groups myapp_customuser_groups_customuser_id_group_id_8dfb17af_uniq; Type: CONSTRAINT; Schema: public; Owner: hosotanimiki
--

ALTER TABLE ONLY public.myapp_customuser_groups
    ADD CONSTRAINT myapp_customuser_groups_customuser_id_group_id_8dfb17af_uniq UNIQUE (customuser_id, group_id);


--
-- Name: myapp_customuser_groups myapp_customuser_groups_pkey; Type: CONSTRAINT; Schema: public; Owner: hosotanimiki
--

ALTER TABLE ONLY public.myapp_customuser_groups
    ADD CONSTRAINT myapp_customuser_groups_pkey PRIMARY KEY (id);


--
-- Name: myapp_customuser myapp_customuser_pkey; Type: CONSTRAINT; Schema: public; Owner: hosotanimiki
--

ALTER TABLE ONLY public.myapp_customuser
    ADD CONSTRAINT myapp_customuser_pkey PRIMARY KEY (id);


--
-- Name: myapp_customuser_user_permissions myapp_customuser_user_pe_customuser_id_permission_a9e136bb_uniq; Type: CONSTRAINT; Schema: public; Owner: hosotanimiki
--

ALTER TABLE ONLY public.myapp_customuser_user_permissions
    ADD CONSTRAINT myapp_customuser_user_pe_customuser_id_permission_a9e136bb_uniq UNIQUE (customuser_id, permission_id);


--
-- Name: myapp_customuser_user_permissions myapp_customuser_user_permissions_pkey; Type: CONSTRAINT; Schema: public; Owner: hosotanimiki
--

ALTER TABLE ONLY public.myapp_customuser_user_permissions
    ADD CONSTRAINT myapp_customuser_user_permissions_pkey PRIMARY KEY (id);


--
-- Name: myapp_customuser myapp_customuser_username_key; Type: CONSTRAINT; Schema: public; Owner: hosotanimiki
--

ALTER TABLE ONLY public.myapp_customuser
    ADD CONSTRAINT myapp_customuser_username_key UNIQUE (username);


--
-- Name: myapp_message myapp_message_pkey; Type: CONSTRAINT; Schema: public; Owner: hosotanimiki
--

ALTER TABLE ONLY public.myapp_message
    ADD CONSTRAINT myapp_message_pkey PRIMARY KEY (id);


--
-- Name: socialaccount_socialaccount socialaccount_socialaccount_pkey; Type: CONSTRAINT; Schema: public; Owner: hosotanimiki
--

ALTER TABLE ONLY public.socialaccount_socialaccount
    ADD CONSTRAINT socialaccount_socialaccount_pkey PRIMARY KEY (id);


--
-- Name: socialaccount_socialaccount socialaccount_socialaccount_provider_uid_fc810c6e_uniq; Type: CONSTRAINT; Schema: public; Owner: hosotanimiki
--

ALTER TABLE ONLY public.socialaccount_socialaccount
    ADD CONSTRAINT socialaccount_socialaccount_provider_uid_fc810c6e_uniq UNIQUE (provider, uid);


--
-- Name: socialaccount_socialapp_sites socialaccount_socialapp__socialapp_id_site_id_71a9a768_uniq; Type: CONSTRAINT; Schema: public; Owner: hosotanimiki
--

ALTER TABLE ONLY public.socialaccount_socialapp_sites
    ADD CONSTRAINT socialaccount_socialapp__socialapp_id_site_id_71a9a768_uniq UNIQUE (socialapp_id, site_id);


--
-- Name: socialaccount_socialapp socialaccount_socialapp_pkey; Type: CONSTRAINT; Schema: public; Owner: hosotanimiki
--

ALTER TABLE ONLY public.socialaccount_socialapp
    ADD CONSTRAINT socialaccount_socialapp_pkey PRIMARY KEY (id);


--
-- Name: socialaccount_socialapp_sites socialaccount_socialapp_sites_pkey; Type: CONSTRAINT; Schema: public; Owner: hosotanimiki
--

ALTER TABLE ONLY public.socialaccount_socialapp_sites
    ADD CONSTRAINT socialaccount_socialapp_sites_pkey PRIMARY KEY (id);


--
-- Name: socialaccount_socialtoken socialaccount_socialtoken_app_id_account_id_fca4e0ac_uniq; Type: CONSTRAINT; Schema: public; Owner: hosotanimiki
--

ALTER TABLE ONLY public.socialaccount_socialtoken
    ADD CONSTRAINT socialaccount_socialtoken_app_id_account_id_fca4e0ac_uniq UNIQUE (app_id, account_id);


--
-- Name: socialaccount_socialtoken socialaccount_socialtoken_pkey; Type: CONSTRAINT; Schema: public; Owner: hosotanimiki
--

ALTER TABLE ONLY public.socialaccount_socialtoken
    ADD CONSTRAINT socialaccount_socialtoken_pkey PRIMARY KEY (id);


--
-- Name: account_emailaddress_upper; Type: INDEX; Schema: public; Owner: hosotanimiki
--

CREATE INDEX account_emailaddress_upper ON public.account_emailaddress USING btree (upper((email)::text));


--
-- Name: account_emailaddress_user_id_2c513194; Type: INDEX; Schema: public; Owner: hosotanimiki
--

CREATE INDEX account_emailaddress_user_id_2c513194 ON public.account_emailaddress USING btree (user_id);


--
-- Name: account_emailconfirmation_email_address_id_5b7f8c58; Type: INDEX; Schema: public; Owner: hosotanimiki
--

CREATE INDEX account_emailconfirmation_email_address_id_5b7f8c58 ON public.account_emailconfirmation USING btree (email_address_id);


--
-- Name: account_emailconfirmation_key_f43612bd_like; Type: INDEX; Schema: public; Owner: hosotanimiki
--

CREATE INDEX account_emailconfirmation_key_f43612bd_like ON public.account_emailconfirmation USING btree (key varchar_pattern_ops);


--
-- Name: auth_group_name_a6ea08ec_like; Type: INDEX; Schema: public; Owner: hosotanimiki
--

CREATE INDEX auth_group_name_a6ea08ec_like ON public.auth_group USING btree (name varchar_pattern_ops);


--
-- Name: auth_group_permissions_group_id_b120cbf9; Type: INDEX; Schema: public; Owner: hosotanimiki
--

CREATE INDEX auth_group_permissions_group_id_b120cbf9 ON public.auth_group_permissions USING btree (group_id);


--
-- Name: auth_group_permissions_permission_id_84c5c92e; Type: INDEX; Schema: public; Owner: hosotanimiki
--

CREATE INDEX auth_group_permissions_permission_id_84c5c92e ON public.auth_group_permissions USING btree (permission_id);


--
-- Name: auth_permission_content_type_id_2f476e4b; Type: INDEX; Schema: public; Owner: hosotanimiki
--

CREATE INDEX auth_permission_content_type_id_2f476e4b ON public.auth_permission USING btree (content_type_id);


--
-- Name: django_admin_log_content_type_id_c4bce8eb; Type: INDEX; Schema: public; Owner: hosotanimiki
--

CREATE INDEX django_admin_log_content_type_id_c4bce8eb ON public.django_admin_log USING btree (content_type_id);


--
-- Name: django_admin_log_user_id_c564eba6; Type: INDEX; Schema: public; Owner: hosotanimiki
--

CREATE INDEX django_admin_log_user_id_c564eba6 ON public.django_admin_log USING btree (user_id);


--
-- Name: django_session_expire_date_a5c62663; Type: INDEX; Schema: public; Owner: hosotanimiki
--

CREATE INDEX django_session_expire_date_a5c62663 ON public.django_session USING btree (expire_date);


--
-- Name: django_session_session_key_c0390e0f_like; Type: INDEX; Schema: public; Owner: hosotanimiki
--

CREATE INDEX django_session_session_key_c0390e0f_like ON public.django_session USING btree (session_key varchar_pattern_ops);


--
-- Name: django_site_domain_a2e37b91_like; Type: INDEX; Schema: public; Owner: hosotanimiki
--

CREATE INDEX django_site_domain_a2e37b91_like ON public.django_site USING btree (domain varchar_pattern_ops);


--
-- Name: myapp_customuser_groups_customuser_id_4b46b787; Type: INDEX; Schema: public; Owner: hosotanimiki
--

CREATE INDEX myapp_customuser_groups_customuser_id_4b46b787 ON public.myapp_customuser_groups USING btree (customuser_id);


--
-- Name: myapp_customuser_groups_group_id_9a436a56; Type: INDEX; Schema: public; Owner: hosotanimiki
--

CREATE INDEX myapp_customuser_groups_group_id_9a436a56 ON public.myapp_customuser_groups USING btree (group_id);


--
-- Name: myapp_customuser_user_permissions_customuser_id_afabd7b0; Type: INDEX; Schema: public; Owner: hosotanimiki
--

CREATE INDEX myapp_customuser_user_permissions_customuser_id_afabd7b0 ON public.myapp_customuser_user_permissions USING btree (customuser_id);


--
-- Name: myapp_customuser_user_permissions_permission_id_4ffda77e; Type: INDEX; Schema: public; Owner: hosotanimiki
--

CREATE INDEX myapp_customuser_user_permissions_permission_id_4ffda77e ON public.myapp_customuser_user_permissions USING btree (permission_id);


--
-- Name: myapp_customuser_username_273b6db2_like; Type: INDEX; Schema: public; Owner: hosotanimiki
--

CREATE INDEX myapp_customuser_username_273b6db2_like ON public.myapp_customuser USING btree (username varchar_pattern_ops);


--
-- Name: myapp_message_from_name_id_6ca28847; Type: INDEX; Schema: public; Owner: hosotanimiki
--

CREATE INDEX myapp_message_from_name_id_6ca28847 ON public.myapp_message USING btree (from_name_id);


--
-- Name: myapp_message_to_name_id_5c81c6b2; Type: INDEX; Schema: public; Owner: hosotanimiki
--

CREATE INDEX myapp_message_to_name_id_5c81c6b2 ON public.myapp_message USING btree (to_name_id);


--
-- Name: socialaccount_socialaccount_user_id_8146e70c; Type: INDEX; Schema: public; Owner: hosotanimiki
--

CREATE INDEX socialaccount_socialaccount_user_id_8146e70c ON public.socialaccount_socialaccount USING btree (user_id);


--
-- Name: socialaccount_socialapp_sites_site_id_2579dee5; Type: INDEX; Schema: public; Owner: hosotanimiki
--

CREATE INDEX socialaccount_socialapp_sites_site_id_2579dee5 ON public.socialaccount_socialapp_sites USING btree (site_id);


--
-- Name: socialaccount_socialapp_sites_socialapp_id_97fb6e7d; Type: INDEX; Schema: public; Owner: hosotanimiki
--

CREATE INDEX socialaccount_socialapp_sites_socialapp_id_97fb6e7d ON public.socialaccount_socialapp_sites USING btree (socialapp_id);


--
-- Name: socialaccount_socialtoken_account_id_951f210e; Type: INDEX; Schema: public; Owner: hosotanimiki
--

CREATE INDEX socialaccount_socialtoken_account_id_951f210e ON public.socialaccount_socialtoken USING btree (account_id);


--
-- Name: socialaccount_socialtoken_app_id_636a42d7; Type: INDEX; Schema: public; Owner: hosotanimiki
--

CREATE INDEX socialaccount_socialtoken_app_id_636a42d7 ON public.socialaccount_socialtoken USING btree (app_id);


--
-- Name: unique_verified_email; Type: INDEX; Schema: public; Owner: hosotanimiki
--

CREATE UNIQUE INDEX unique_verified_email ON public.account_emailaddress USING btree (email) WHERE verified;


--
-- Name: account_emailaddress account_emailaddress_user_id_2c513194_fk_myapp_customuser_id; Type: FK CONSTRAINT; Schema: public; Owner: hosotanimiki
--

ALTER TABLE ONLY public.account_emailaddress
    ADD CONSTRAINT account_emailaddress_user_id_2c513194_fk_myapp_customuser_id FOREIGN KEY (user_id) REFERENCES public.myapp_customuser(id) DEFERRABLE INITIALLY DEFERRED;


--
-- Name: account_emailconfirmation account_emailconfirm_email_address_id_5b7f8c58_fk_account_e; Type: FK CONSTRAINT; Schema: public; Owner: hosotanimiki
--

ALTER TABLE ONLY public.account_emailconfirmation
    ADD CONSTRAINT account_emailconfirm_email_address_id_5b7f8c58_fk_account_e FOREIGN KEY (email_address_id) REFERENCES public.account_emailaddress(id) DEFERRABLE INITIALLY DEFERRED;


--
-- Name: auth_group_permissions auth_group_permissio_permission_id_84c5c92e_fk_auth_perm; Type: FK CONSTRAINT; Schema: public; Owner: hosotanimiki
--

ALTER TABLE ONLY public.auth_group_permissions
    ADD CONSTRAINT auth_group_permissio_permission_id_84c5c92e_fk_auth_perm FOREIGN KEY (permission_id) REFERENCES public.auth_permission(id) DEFERRABLE INITIALLY DEFERRED;


--
-- Name: auth_group_permissions auth_group_permissions_group_id_b120cbf9_fk_auth_group_id; Type: FK CONSTRAINT; Schema: public; Owner: hosotanimiki
--

ALTER TABLE ONLY public.auth_group_permissions
    ADD CONSTRAINT auth_group_permissions_group_id_b120cbf9_fk_auth_group_id FOREIGN KEY (group_id) REFERENCES public.auth_group(id) DEFERRABLE INITIALLY DEFERRED;


--
-- Name: auth_permission auth_permission_content_type_id_2f476e4b_fk_django_co; Type: FK CONSTRAINT; Schema: public; Owner: hosotanimiki
--

ALTER TABLE ONLY public.auth_permission
    ADD CONSTRAINT auth_permission_content_type_id_2f476e4b_fk_django_co FOREIGN KEY (content_type_id) REFERENCES public.django_content_type(id) DEFERRABLE INITIALLY DEFERRED;


--
-- Name: django_admin_log django_admin_log_content_type_id_c4bce8eb_fk_django_co; Type: FK CONSTRAINT; Schema: public; Owner: hosotanimiki
--

ALTER TABLE ONLY public.django_admin_log
    ADD CONSTRAINT django_admin_log_content_type_id_c4bce8eb_fk_django_co FOREIGN KEY (content_type_id) REFERENCES public.django_content_type(id) DEFERRABLE INITIALLY DEFERRED;


--
-- Name: django_admin_log django_admin_log_user_id_c564eba6_fk_myapp_customuser_id; Type: FK CONSTRAINT; Schema: public; Owner: hosotanimiki
--

ALTER TABLE ONLY public.django_admin_log
    ADD CONSTRAINT django_admin_log_user_id_c564eba6_fk_myapp_customuser_id FOREIGN KEY (user_id) REFERENCES public.myapp_customuser(id) DEFERRABLE INITIALLY DEFERRED;


--
-- Name: myapp_customuser_groups myapp_customuser_gro_customuser_id_4b46b787_fk_myapp_cus; Type: FK CONSTRAINT; Schema: public; Owner: hosotanimiki
--

ALTER TABLE ONLY public.myapp_customuser_groups
    ADD CONSTRAINT myapp_customuser_gro_customuser_id_4b46b787_fk_myapp_cus FOREIGN KEY (customuser_id) REFERENCES public.myapp_customuser(id) DEFERRABLE INITIALLY DEFERRED;


--
-- Name: myapp_customuser_groups myapp_customuser_groups_group_id_9a436a56_fk_auth_group_id; Type: FK CONSTRAINT; Schema: public; Owner: hosotanimiki
--

ALTER TABLE ONLY public.myapp_customuser_groups
    ADD CONSTRAINT myapp_customuser_groups_group_id_9a436a56_fk_auth_group_id FOREIGN KEY (group_id) REFERENCES public.auth_group(id) DEFERRABLE INITIALLY DEFERRED;


--
-- Name: myapp_customuser_user_permissions myapp_customuser_use_customuser_id_afabd7b0_fk_myapp_cus; Type: FK CONSTRAINT; Schema: public; Owner: hosotanimiki
--

ALTER TABLE ONLY public.myapp_customuser_user_permissions
    ADD CONSTRAINT myapp_customuser_use_customuser_id_afabd7b0_fk_myapp_cus FOREIGN KEY (customuser_id) REFERENCES public.myapp_customuser(id) DEFERRABLE INITIALLY DEFERRED;


--
-- Name: myapp_customuser_user_permissions myapp_customuser_use_permission_id_4ffda77e_fk_auth_perm; Type: FK CONSTRAINT; Schema: public; Owner: hosotanimiki
--

ALTER TABLE ONLY public.myapp_customuser_user_permissions
    ADD CONSTRAINT myapp_customuser_use_permission_id_4ffda77e_fk_auth_perm FOREIGN KEY (permission_id) REFERENCES public.auth_permission(id) DEFERRABLE INITIALLY DEFERRED;


--
-- Name: myapp_message myapp_message_from_name_id_6ca28847_fk_myapp_customuser_id; Type: FK CONSTRAINT; Schema: public; Owner: hosotanimiki
--

ALTER TABLE ONLY public.myapp_message
    ADD CONSTRAINT myapp_message_from_name_id_6ca28847_fk_myapp_customuser_id FOREIGN KEY (from_name_id) REFERENCES public.myapp_customuser(id) DEFERRABLE INITIALLY DEFERRED;


--
-- Name: myapp_message myapp_message_to_name_id_5c81c6b2_fk_myapp_customuser_id; Type: FK CONSTRAINT; Schema: public; Owner: hosotanimiki
--

ALTER TABLE ONLY public.myapp_message
    ADD CONSTRAINT myapp_message_to_name_id_5c81c6b2_fk_myapp_customuser_id FOREIGN KEY (to_name_id) REFERENCES public.myapp_customuser(id) DEFERRABLE INITIALLY DEFERRED;


--
-- Name: socialaccount_socialtoken socialaccount_social_account_id_951f210e_fk_socialacc; Type: FK CONSTRAINT; Schema: public; Owner: hosotanimiki
--

ALTER TABLE ONLY public.socialaccount_socialtoken
    ADD CONSTRAINT socialaccount_social_account_id_951f210e_fk_socialacc FOREIGN KEY (account_id) REFERENCES public.socialaccount_socialaccount(id) DEFERRABLE INITIALLY DEFERRED;


--
-- Name: socialaccount_socialtoken socialaccount_social_app_id_636a42d7_fk_socialacc; Type: FK CONSTRAINT; Schema: public; Owner: hosotanimiki
--

ALTER TABLE ONLY public.socialaccount_socialtoken
    ADD CONSTRAINT socialaccount_social_app_id_636a42d7_fk_socialacc FOREIGN KEY (app_id) REFERENCES public.socialaccount_socialapp(id) DEFERRABLE INITIALLY DEFERRED;


--
-- Name: socialaccount_socialapp_sites socialaccount_social_site_id_2579dee5_fk_django_si; Type: FK CONSTRAINT; Schema: public; Owner: hosotanimiki
--

ALTER TABLE ONLY public.socialaccount_socialapp_sites
    ADD CONSTRAINT socialaccount_social_site_id_2579dee5_fk_django_si FOREIGN KEY (site_id) REFERENCES public.django_site(id) DEFERRABLE INITIALLY DEFERRED;


--
-- Name: socialaccount_socialapp_sites socialaccount_social_socialapp_id_97fb6e7d_fk_socialacc; Type: FK CONSTRAINT; Schema: public; Owner: hosotanimiki
--

ALTER TABLE ONLY public.socialaccount_socialapp_sites
    ADD CONSTRAINT socialaccount_social_socialapp_id_97fb6e7d_fk_socialacc FOREIGN KEY (socialapp_id) REFERENCES public.socialaccount_socialapp(id) DEFERRABLE INITIALLY DEFERRED;


--
-- Name: socialaccount_socialaccount socialaccount_social_user_id_8146e70c_fk_myapp_cus; Type: FK CONSTRAINT; Schema: public; Owner: hosotanimiki
--

ALTER TABLE ONLY public.socialaccount_socialaccount
    ADD CONSTRAINT socialaccount_social_user_id_8146e70c_fk_myapp_cus FOREIGN KEY (user_id) REFERENCES public.myapp_customuser(id) DEFERRABLE INITIALLY DEFERRED;


--
-- PostgreSQL database dump complete
--

